{"best_model_name": "Linear SVM", "accuracies": {"Naive Bayes": 97.66816143497758, "Logistic Regression": 96.8609865470852, "Linear SVM": 98.11659192825111}}